{
  "553891164328@s.whatsapp.net": {
    "nome": "𝐌... ᵏᵗᵍ",
    "moedas": 5578,
    "xp": 190,
    "nivel": 4,
    "vida": 0,
    "fome": 100,
    "energia": 100,
    "banco": 0,
    "trabalhos": 42,
    "conquistou": [],
    "desafios": [],
    "pet": {
      "nome": "blux veado",
      "fome": 100,
      "energia": 10,
      "higiene": 100,
      "felicidade": 100,
      "nivel": 2,
      "xp": 45
    },
    "casa": null,
    "familia": [],
    "inventario": [
      "comida",
      "item_raro",
      "cura",
      "cura",
      "cura",
      "roupaazul",
      "shampoo",
      "roupaazul",
      "comida",
      "comida"
    ],
    "ultimos": {},
    "sorte": {},
    "ultSorte": "",
    "promovido": false,
    "missoes": [
      {
        "id": "explorar",
        "progresso": 0,
        "completo": false
      },
      {
        "id": "trabalhar",
        "progresso": 0,
        "completo": false
      },
      {
        "id": "alimentarpet",
        "progresso": 0,
        "completo": false
      }
    ],
    "ultimaColeta": "2025-07-01T02:51:37.333Z",
    "sono": 100,
    "higiene": null,
    "ultimaSorte": "Tue Jun 24 2025",
    "status": "morto",
    "trabalho": "professor"
  },
  "5511945689761@s.whatsapp.net": {
    "nome": "Kaizinho Soraka",
    "moedas": 500,
    "xp": 0,
    "nivel": 1,
    "vida": 100,
    "fome": 100,
    "energia": 100,
    "banco": 0,
    "trabalho": null,
    "trabalhos": 0,
    "conquistou": [],
    "desafios": [],
    "pet": null,
    "casa": null,
    "familia": [],
    "inventario": [],
    "ultimos": {},
    "sorte": {},
    "ultSorte": "",
    "promovido": false
  },
  "553399285117@s.whatsapp.net": {
    "nome": "Hiudy G.",
    "moedas": 700,
    "xp": 0,
    "nivel": 1,
    "vida": 100,
    "fome": 100,
    "energia": 100,
    "banco": 0,
    "trabalho": null,
    "trabalhos": 0,
    "conquistou": [],
    "desafios": [],
    "pet": null,
    "casa": null,
    "familia": [],
    "inventario": [],
    "ultimos": {},
    "sorte": {},
    "ultSorte": "",
    "promovido": false,
    "ultimaColeta": "2025-06-24T19:19:39.900Z"
  },
  "558398164308@s.whatsapp.net": {
    "nome": "ɢᴇʙᴇ ᴍᴏᴅᴢ",
    "moedas": 500,
    "xp": 0,
    "nivel": 1,
    "vida": 100,
    "fome": 100,
    "energia": 100,
    "banco": 0,
    "trabalho": null,
    "trabalhos": 0,
    "conquistou": [],
    "desafios": [],
    "pet": null,
    "casa": null,
    "familia": [],
    "inventario": [],
    "ultimos": {},
    "sorte": {},
    "ultSorte": "",
    "promovido": false
  },
  "556293590036@s.whatsapp.net": {
    "nome": "Gabriel😁",
    "moedas": 400,
    "xp": 0,
    "nivel": 1,
    "vida": 100,
    "fome": 100,
    "energia": 100,
    "banco": 0,
    "trabalho": "pedreiro",
    "trabalhos": 0,
    "conquistou": [],
    "desafios": [],
    "pet": null,
    "casa": null,
    "familia": [],
    "inventario": [],
    "ultimos": {},
    "sorte": {},
    "ultSorte": "",
    "promovido": false,
    "ultimaSorte": "Tue Jul 01 2025"
  },
  "555199147648@s.whatsapp.net": {
    "nome": "ネックスレ 愛",
    "moedas": 0,
    "xp": 1340,
    "nivel": 1,
    "vida": 100,
    "fome": 100,
    "energia": 100,
    "banco": 25565,
    "trabalho": "programador",
    "trabalhos": 134,
    "conquistou": [],
    "desafios": [],
    "pet": null,
    "casa": null,
    "familia": [],
    "inventario": [],
    "ultimos": {},
    "sorte": {},
    "ultSorte": "",
    "promovido": false
  },
  "5515981367099@s.whatsapp.net": {
    "nome": "𝕸𝖆𝖗𝖖𝖚𝖎𝖓𝖍𝖔𝖘",
    "moedas": 513,
    "xp": 0,
    "nivel": 1,
    "vida": 70,
    "fome": 100,
    "energia": 100,
    "banco": 0,
    "trabalho": null,
    "trabalhos": 0,
    "conquistou": [],
    "desafios": [],
    "pet": null,
    "casa": null,
    "familia": [],
    "inventario": [],
    "ultimos": {},
    "sorte": {},
    "ultSorte": "",
    "promovido": false
  },
  "5516993929593@s.whatsapp.net": {
    "nome": "Michael",
    "moedas": 42648,
    "xp": 2280,
    "nivel": 1,
    "vida": 100,
    "fome": 100,
    "energia": 100,
    "banco": 0,
    "trabalho": "programador",
    "trabalhos": 228,
    "conquistou": [],
    "desafios": [],
    "pet": {
      "nome": "Petzinho",
      "fome": 100,
      "energia": 10,
      "higiene": 100,
      "felicidade": 100,
      "nivel": 1,
      "xp": 85
    },
    "casa": null,
    "familia": [],
    "inventario": [
      "item_raro"
    ],
    "ultimos": {},
    "sorte": {},
    "ultSorte": "",
    "promovido": false,
    "ultimaSorte": "Tue Jul 22 2025",
    "missoes": [
      {
        "id": "explorar",
        "progresso": 0,
        "completo": false
      },
      {
        "id": "trabalhar",
        "progresso": 0,
        "completo": false
      },
      {
        "id": "alimentarpet",
        "progresso": 0,
        "completo": false
      }
    ]
  },
  "5521996852404@s.whatsapp.net": {
    "nome": "ㅤ",
    "moedas": 500,
    "xp": 0,
    "nivel": 1,
    "vida": 100,
    "fome": 100,
    "energia": 100,
    "banco": 0,
    "trabalho": null,
    "trabalhos": 0,
    "conquistou": [],
    "desafios": [],
    "pet": null,
    "casa": null,
    "familia": [],
    "inventario": [],
    "ultimos": {},
    "sorte": {},
    "ultSorte": "",
    "promovido": false
  },
  "557781414006@s.whatsapp.net": {
    "nome": "Gustavo",
    "moedas": 500,
    "xp": 0,
    "nivel": 1,
    "vida": 100,
    "fome": 100,
    "energia": 100,
    "banco": 0,
    "trabalho": null,
    "trabalhos": 0,
    "conquistou": [],
    "desafios": [],
    "pet": null,
    "casa": null,
    "familia": [],
    "inventario": [],
    "ultimos": {},
    "sorte": {},
    "ultSorte": "",
    "promovido": false
  },
  "5524999788221@s.whatsapp.net": {
    "nome": "𝐌𝐢𝐜𝐚𝐞𝐥⁷⚡🌿",
    "moedas": 500,
    "xp": 0,
    "nivel": 1,
    "vida": 100,
    "fome": 100,
    "energia": 100,
    "banco": 0,
    "trabalho": null,
    "trabalhos": 0,
    "conquistou": [],
    "desafios": [],
    "pet": null,
    "casa": null,
    "familia": [],
    "inventario": [],
    "ultimos": {},
    "sorte": {},
    "ultSorte": "",
    "promovido": false
  },
  "559281691863@s.whatsapp.net": {
    "nome": "ℳ𝒶ℊ𝒶𝓁𝒾 ఌ︎^᪲᪲᪲",
    "moedas": 500,
    "xp": 0,
    "nivel": 1,
    "vida": 100,
    "fome": 100,
    "energia": 100,
    "banco": 0,
    "trabalho": null,
    "trabalhos": 0,
    "conquistou": [],
    "desafios": [],
    "pet": null,
    "casa": null,
    "familia": [],
    "inventario": [],
    "ultimos": {},
    "sorte": {},
    "ultSorte": "",
    "promovido": false
  },
  "556393128349@s.whatsapp.net": {
    "nome": "golden",
    "moedas": 500,
    "xp": 0,
    "nivel": 1,
    "vida": 100,
    "fome": 100,
    "energia": 100,
    "banco": 0,
    "trabalho": null,
    "trabalhos": 0,
    "conquistou": [],
    "desafios": [],
    "pet": null,
    "casa": null,
    "familia": [],
    "inventario": [],
    "ultimos": {},
    "sorte": {},
    "ultSorte": "",
    "promovido": false
  }
}