[
  {
    "usuario": "553891164328@s.whatsapp.net",
    "mcdagua1": "Matheus",
    "mcdagua2": "Modz"
  },
  {
    "usuario": "553195897011@s.whatsapp.net",
    "mcdagua1": "Alya",
    "mcdagua2": "Modz"
  },
  {
    "usuario": "5517981704321@s.whatsapp.net",
    "mcdagua1": "Banguela",
    "mcdagua2": "banguela"
  },
  {
    "usuario": "5521988397061@s.whatsapp.net",
    "mcdagua1": "dg",
    "mcdagua2": "bots"
  },
  {
    "usuario": "559591456037@s.whatsapp.net",
    "mcdagua1": "Kauan",
    "mcdagua2": "accounts"
  },
  {
    "usuario": "557388623906@s.whatsapp.net",
    "mcdagua1": "🦇",
    "mcdagua2": "gᥣ ᥱ᥉ρᥲᥒᥴᥲ ᥊ᥱrᥱᥴᥲ"
  },
  {
    "usuario": "5515981367099@s.whatsapp.net",
    "mcdagua1": "kimo",
    "mcdagua2": "bot"
  }
]